{
    "1": [20140101000000.000001, 20140509000000.000000],
    "2": [20140509000000.000001, 20140812000000.000000],
    "3": [20140812000000.000001, 20140923000000.000000],
    "4": [20140923000000.000001, 20141127000000.000000],
    "5": [20141127000000.000001, 20160729000000.000000],
    "6": [20160729000000.000001, 20180101000000.000000]
}
